{
  "config": {
    "run_name": "exp1_1",
    "out_dir": "./results",
    "seed": 42,
    "device": null,
    "bs_train": 50,
    "bs_test": 12,
    "batches": 10,
    "epochs": 20,
    "early_stopping": 5,
    "checkpoints": null,
    "lr": 0.005,
    "reg": 0.001,
    "filters_per_layer": [
      32
    ],
    "layers_per_block": 16,
    "pool_every": 2,
    "hidden_dims": [
      200
    ],
    "model_type": "cnn",
    "kw": {}
  },
  "results": {
    "num_epochs": 0,
    "train_loss": [
      2.304060099887848,
      2.3039046213626864,
      2.3038562160015106,
      2.303839170694351,
      2.3038342006206514,
      2.303833180952072
    ],
    "train_acc": [
      9.764,
      9.614,
      9.624,
      9.638,
      9.628,
      9.63
    ],
    "test_loss": [
      0.46083501291275025,
      0.46080818462371825,
      0.46080272436141967,
      0.4608000458717346,
      0.4607992884635925,
      0.46079922647476196
    ],
    "test_acc": [
      10.0,
      10.0,
      10.0,
      10.0,
      10.0,
      10.0
    ]
  }
}