{
  "config": {
    "run_name": "exp1_4",
    "out_dir": "./results",
    "seed": 42,
    "device": null,
    "bs_train": 50,
    "bs_test": 12,
    "batches": 10,
    "epochs": 20,
    "early_stopping": 5,
    "checkpoints": null,
    "lr": 0.005,
    "reg": 0.001,
    "filters_per_layer": [
      32
    ],
    "layers_per_block": 32,
    "pool_every": 1,
    "hidden_dims": [
      200
    ],
    "model_type": "resnet",
    "kw": {}
  },
  "results": {
    "num_epochs": 0,
    "train_loss": [
      NaN,
      NaN,
      NaN,
      NaN,
      NaN,
      NaN
    ],
    "train_acc": [
      9.996,
      10.0,
      10.0,
      10.0,
      10.0,
      10.0
    ],
    "test_loss": [
      NaN,
      NaN,
      NaN,
      NaN,
      NaN,
      NaN
    ],
    "test_acc": [
      10.0,
      10.0,
      10.0,
      10.0,
      10.0,
      10.0
    ]
  }
}