{
  "config": {
    "run_name": "exp1_1",
    "out_dir": "./results",
    "seed": 42,
    "device": null,
    "bs_train": 50,
    "bs_test": 12,
    "batches": 10,
    "epochs": 20,
    "early_stopping": 5,
    "checkpoints": null,
    "lr": 0.005,
    "reg": 0.001,
    "filters_per_layer": [
      32
    ],
    "layers_per_block": 8,
    "pool_every": 2,
    "hidden_dims": [
      200
    ],
    "model_type": "cnn",
    "kw": {}
  },
  "results": {
    "num_epochs": 0,
    "train_loss": [
      2.304009855365753,
      2.3038854234695436,
      2.3038494609832765,
      2.3038358150959013,
      2.303833145570755,
      2.303833123111725
    ],
    "train_acc": [
      9.732,
      9.626,
      9.636,
      9.63,
      9.63,
      9.63
    ],
    "test_loss": [
      0.4608323266983032,
      0.46080777735710143,
      0.4608014917850494,
      0.4607992479801178,
      0.460799245262146,
      0.4607992050170898
    ],
    "test_acc": [
      10.0,
      10.0,
      10.0,
      10.0,
      10.0,
      10.0
    ]
  }
}