{
  "config": {
    "run_name": "exp1_1",
    "out_dir": "./results",
    "seed": 42,
    "device": null,
    "bs_train": 50,
    "bs_test": 12,
    "batches": 10,
    "epochs": 20,
    "early_stopping": 5,
    "checkpoints": null,
    "lr": 0.005,
    "reg": 0.001,
    "filters_per_layer": [
      64
    ],
    "layers_per_block": 16,
    "pool_every": 2,
    "hidden_dims": [
      200
    ],
    "model_type": "cnn",
    "kw": {}
  },
  "results": {
    "num_epochs": 0,
    "train_loss": [
      2.304009711933136,
      2.303894041776657,
      2.3038492378234863,
      2.303835520887375,
      2.303833315420151,
      2.303833067560196
    ],
    "train_acc": [
      9.758,
      9.658,
      9.646,
      9.632,
      9.63,
      9.63
    ],
    "test_loss": [
      0.4608312089920044,
      0.46080840034484866,
      0.46080023312568663,
      0.46079938979148866,
      0.46079924902915953,
      0.4607992217540741
    ],
    "test_acc": [
      10.0,
      10.0,
      10.0,
      10.0,
      10.0,
      10.0
    ]
  }
}