{
  "config": {
    "run_name": "exp1_1",
    "out_dir": "./results",
    "seed": 42,
    "device": null,
    "bs_train": 50,
    "bs_test": 12,
    "batches": 10,
    "epochs": 20,
    "early_stopping": 5,
    "checkpoints": null,
    "lr": 0.005,
    "reg": 0.001,
    "filters_per_layer": [
      64
    ],
    "layers_per_block": 8,
    "pool_every": 2,
    "hidden_dims": [
      200
    ],
    "model_type": "cnn",
    "kw": {}
  },
  "results": {
    "num_epochs": 0,
    "train_loss": [
      2.303920187997818,
      2.3038579879283905,
      2.3038359570026397,
      2.3038331470489504,
      2.3038330887794496,
      2.30383303937912
    ],
    "train_acc": [
      9.762,
      9.646,
      9.632,
      9.63,
      9.63,
      9.63
    ],
    "test_loss": [
      0.4608166449546814,
      0.4608026888370514,
      0.460799568939209,
      0.46079926180839537,
      0.46079925117492676,
      0.46079925484657286
    ],
    "test_acc": [
      10.0,
      10.0,
      10.0,
      10.0,
      10.0,
      10.0
    ]
  }
}